date,NORTHfield,BANCOR,PETRAX,SHOPwell,MEDIQ,GRIDCO
2021-01-04,102.1162,99.9336,99.7858,99.8479,101.1606,98.5951
2021-01-05,104.4355,99.7602,101.069,100.9268,103.2901,97.5259
2021-01-06,104.0617,99.3261,102.7935,99.4497,103.0142,96.7933
2021-01-07,104.1667,99.9276,101.1431,100.877,104.1486,97.386
2021-01-08,105.4058,99.5741,101.2001,100.3423,103.8863,97.6564
2021-01-11,104.5411,99.0181,99.4774,98.5739,102.5528,97.2012
2021-01-12,103.1289,98.9371,101.9153,98.9262,102.4777,96.6442
2021-01-13,102.2113,100.3641,102.3394,97.9461,102.8399,98.4509
2021-01-14,102.4149,101.0291,103.2616,97.8371,101.8395,98.4046
2021-01-15,102.1944,101.5674,104.9721,99.0992,102.571,99.3419
2021-01-18,101.2759,102.5955,106.0684,98.5066,103.2866,99.641
2021-01-19,102.7791,104.4946,111.6776,98.4616,102.8331,100.159
2021-01-20,103.0356,105.4619,112.8615,96.4357,102.636,100.9871
2021-01-21,103.3839,106.3439,112.978,96.5413,103.0999,101.6039
2021-01-22,103.6919,106.5622,111.8887,97.1054,103.2837,102.4716
2021-01-25,105.3202,107.1726,112.05,97.3248,104.1317,102.8752
2021-01-26,104.9149,107.1389,110.6927,97.8315,103.5057,103.6349
2021-01-27,105.4998,107.9167,109.1546,98.3477,104.4765,103.2601
2021-01-28,105.1966,107.8967,106.4592,98.3301,105.1262,102.5692
2021-01-29,105.7126,106.6896,106.0666,96.4335,105.9963,102.4805
2021-02-01,105.7301,105.922,108.1482,98.8692,104.2283,103.194
2021-02-02,107.972,106.8238,107.0779,101.1973,104.6156,103.2424
2021-02-03,106.3623,107.0248,108.1194,99.6912,105.0267,102.4383
2021-02-04,107.4935,107.3655,108.3276,100.2509,106.3236,103.2536
2021-02-05,108.2644,107.713,108.9137,101.5478,106.9717,104.0127
2021-02-08,107.8936,105.1543,109.6558,103.7374,107.2388,103.2823
2021-02-09,107.7596,105.0228,109.6002,102.2143,106.4484,102.4202
2021-02-10,108.1494,104.8347,110.6264,102.2674,107.7319,102.67
2021-02-11,111.2289,103.6564,109.925,104.8123,111.0589,102.5785
2021-02-12,111.3431,103.4764,112.4958,104.7066,112.1432,102.4844
2021-02-15,109.6244,103.422,112.8759,105.4722,111.9274,101.9952
2021-02-16,110.457,103.87,113.9615,106.0188,113.7434,102.6235
2021-02-17,113.1935,105.6242,117.1316,105.9836,115.5801,103.8478
2021-02-18,114.4104,106.985,117.4092,108.0014,115.5937,105.8307
2021-02-19,112.5601,104.7984,112.4254,104.997,112.6572,105.941
2021-02-22,112.1514,103.3838,113.8471,103.897,110.8513,105.9955
2021-02-23,113.0895,103.1782,116.9478,104.7972,113.3261,106.6811
2021-02-24,115.3874,103.8066,115.5936,109.263,113.4197,106.9928
2021-02-25,114.4282,103.4162,115.5816,108.9402,114.0152,108.1685
2021-02-26,114.309,102.1914,112.6044,107.4852,111.2273,107.9883
2021-03-01,113.6479,101.7641,112.1891,105.1855,109.7561,108.098
2021-03-02,114.5915,101.5522,116.055,104.3016,109.7377,108.0344
2021-03-03,110.6819,102.6231,115.9514,101.1243,111.6358,108.6345
2021-03-04,111.3355,102.1898,116.2102,99.5236,112.4491,108.2451
2021-03-05,111.5768,103.4513,117.5205,100.3035,113.3443,108.295
2021-03-08,112.8119,105.2959,120.4868,102.6217,113.4122,108.5585
2021-03-09,110.8353,106.1202,119.641,103.434,112.4146,108.3452
2021-03-10,111.0215,107.1282,120.3485,104.0432,112.8316,108.903
2021-03-11,109.5229,106.883,119.2929,103.0362,112.9951,108.1754
2021-03-12,109.4584,106.5833,120.0181,104.0139,111.9559,108.5164
2021-03-15,112.3982,105.7772,119.0005,104.2399,111.7389,109.5662
2021-03-16,112.4706,105.1094,120.0222,103.48,113.0104,109.6825
2021-03-17,114.5103,104.9148,127.2839,106.1874,115.0676,110.2404
2021-03-18,113.5223,103.8469,126.0612,104.3404,114.7536,109.0742
2021-03-19,114.4686,105.0352,125.5045,106.5676,115.0456,110.484
2021-03-22,115.1571,106.3481,124.2707,106.9352,117.1847,110.6057
2021-03-23,112.2925,103.771,116.6667,101.6184,114.3633,109.8321
2021-03-24,111.7218,103.987,116.3598,101.3481,114.0877,109.708
2021-03-25,112.4263,102.9929,118.2244,102.8562,114.0936,110.1665
2021-03-26,111.4904,102.2765,117.8686,101.9693,113.1455,109.2596
2021-03-29,110.7628,103.062,114.0555,101.8504,112.5432,109.8293
2021-03-30,111.537,100.5285,114.2902,102.2298,112.1769,108.663
2021-03-31,112.7962,100.4195,118.4511,103.9487,115.5977,108.5974
2021-04-01,110.3808,100.6074,119.4541,102.833,113.4311,108.0644
2021-04-02,111.2966,100.6481,119.5927,103.1199,112.4727,107.6893
2021-04-05,109.3662,101.9642,118.5668,102.8528,111.1781,108.4889
2021-04-06,106.8663,102.321,117.7452,104.1732,109.4615,108.4486
2021-04-07,107.413,103.688,117.7746,104.8467,107.3938,108.2071
2021-04-08,108.0773,104.97,118.0893,108.1905,110.2161,108.984
2021-04-09,104.8904,102.4723,114.1114,107.0037,109.1347,106.1745
2021-04-12,104.6383,104.0341,114.0311,106.1587,111.826,106.8657
2021-04-13,104.0581,104.2658,113.9739,105.3028,113.1956,107.7905
2021-04-14,105.2164,104.4599,116.849,106.2017,114.3904,108.9291
2021-04-15,106.3448,106.5658,119.2577,105.2458,113.7358,110.7178
2021-04-16,105.9523,106.8883,117.5116,106.2369,113.2237,111.8514
2021-04-19,105.2943,107.9029,119.1589,105.2433,114.7999,111.6079
2021-04-20,104.2585,108.4176,117.7171,103.8557,114.0615,110.7928
2021-04-21,105.6905,109.4324,118.6266,104.7883,115.2449,112.7175
2021-04-22,106.9076,109.2194,120.6503,105.4618,115.4142,114.2957
2021-04-23,106.3954,108.613,116.1337,102.889,115.0323,113.1922
2021-04-26,107.1396,107.6555,114.4368,103.8525,116.6954,113.4638
2021-04-27,108.8205,109.8652,118.227,104.3152,117.7556,115.0532
2021-04-28,108.3048,110.2391,114.9952,102.7654,117.9305,113.2091
2021-04-29,106.8547,109.8854,110.9226,101.636,116.0774,112.4342
2021-04-30,106.5573,110.0331,109.8064,101.5146,115.1931,112.7814
2021-05-03,108.9075,110.8416,111.3387,101.6004,116.7465,112.7735
2021-05-04,107.8547,111.1991,111.4908,102.5009,118.6676,112.6058
2021-05-05,108.0807,113.1759,114.3661,104.1188,121.3706,113.1769
2021-05-06,109.003,114.976,118.8385,104.2765,122.1026,114.3542
2021-05-07,108.6585,114.4787,119.9352,103.6485,119.6726,114.3218
2021-05-10,108.1304,113.5653,116.1048,104.1844,116.2241,112.3171
2021-05-11,107.8066,114.8546,119.2798,103.0152,116.455,111.6534
2021-05-12,109.2409,113.6171,118.9861,104.9013,116.3008,112.5364
2021-05-13,108.1015,113.7564,120.4258,104.2402,118.0406,113.1019
2021-05-14,105.9446,117.6219,122.7382,103.9983,117.0103,114.2785
2021-05-17,105.3827,118.2246,123.6064,106.2509,117.5995,115.0236
2021-05-18,105.9288,118.2252,123.4499,108.0126,118.8704,114.7279
2021-05-19,104.5029,117.7876,125.22,107.2188,120.9701,114.0991
2021-05-20,104.7394,115.0565,122.7825,106.2982,120.7476,114.4443
2021-05-21,104.8355,116.7243,125.0513,108.1296,120.9733,116.2684
2021-05-24,103.4771,116.9373,122.5424,106.4709,118.5005,115.5041
2021-05-25,103.9854,117.02,119.9382,108.516,118.9891,116.377
2021-05-26,105.0692,116.5864,116.1637,107.5365,120.1285,115.3411
2021-05-27,106.2056,116.2239,117.2644,105.8355,121.6876,115.3442
2021-05-28,107.4487,116.7843,119.6653,106.7141,123.3589,114.6668
2021-05-31,106.0461,117.254,119.2663,105.6608,122.8767,115.0402
2021-06-01,105.3064,117.6555,117.2736,104.6084,123.8446,115.9046
2021-06-02,103.9103,118.2515,114.8936,104.6453,121.0034,114.8408
2021-06-03,103.2953,117.9169,117.4316,105.63,123.3571,115.9799
2021-06-04,102.9768,117.5508,119.3848,105.6073,123.2612,114.8816
2021-06-07,102.8878,114.4365,117.049,103.5879,123.0117,113.3266
2021-06-08,102.5109,115.8485,115.3979,103.8656,120.6231,113.6033
2021-06-09,103.0912,116.9911,114.3177,104.7075,121.3584,114.0214
2021-06-10,103.3355,117.603,115.4914,103.773,120.0013,116.1188
2021-06-11,105.9158,116.7512,117.055,106.069,121.6265,116.403
2021-06-14,104.736,116.256,115.4078,105.3428,120.7527,115.9149
2021-06-15,106.1392,118.0387,114.3318,105.7477,120.2299,117.4713
2021-06-16,106.1104,119.7099,114.0772,106.0146,118.8415,118.9576
2021-06-17,105.677,117.9194,112.023,102.3469,117.7433,118.1126
2021-06-18,106.1118,119.7712,112.3644,103.9402,118.8202,118.7438
2021-06-21,103.4206,120.1474,110.5569,102.3445,116.5376,118.6155
2021-06-22,103.6108,120.2575,110.4273,103.7946,117.9827,119.4272
2021-06-23,108.0894,120.8093,111.5517,105.2138,119.5729,119.5389
2021-06-24,104.5263,118.4741,109.4936,103.9525,116.2713,117.7162
2021-06-25,104.3927,117.6336,110.1473,103.8103,116.5669,116.916
2021-06-28,106.484,118.2171,113.7127,104.8487,118.2611,117.02
2021-06-29,105.266,117.118,112.7311,103.6202,119.6189,115.694
2021-06-30,103.8793,118.6928,114.0951,100.8405,120.2496,116.2784
2021-07-01,101.1585,117.5434,112.5601,99.9137,120.6,115.7559
2021-07-02,102.533,117.7816,111.5143,99.4864,121.4022,114.3615
2021-07-05,103.4616,116.81,110.7801,100.4153,122.9865,112.7322
2021-07-06,102.4648,116.6163,109.1999,100.759,119.9265,112.6418
2021-07-07,103.0652,116.8575,111.6747,99.8317,121.7166,112.4059
2021-07-08,104.0612,116.7854,113.6469,101.517,120.3737,112.4051
2021-07-09,103.9896,116.5217,112.0319,103.6373,120.662,113.5703
2021-07-12,103.2958,115.1752,111.4878,102.2657,123.2246,113.3931
2021-07-13,104.8566,115.3637,111.5256,103.1462,124.0966,114.3056
2021-07-14,104.7453,114.6038,109.1206,102.65,124.3481,114.3041
2021-07-15,104.7716,113.9731,109.1678,103.2953,124.2654,114.2267
2021-07-16,104.623,114.9637,108.7022,103.5699,124.992,115.147
2021-07-19,106.6642,116.2729,111.1488,103.2776,126.693,117.7262
2021-07-20,105.6049,114.8853,109.7949,103.6444,126.8458,116.8076
2021-07-21,105.6073,116.0595,111.6065,107.165,129.186,117.8822
2021-07-22,106.4791,115.9214,109.9821,107.7272,129.8527,116.7663
2021-07-23,105.831,115.3636,110.0501,106.9229,130.1872,116.6252
2021-07-26,107.3054,113.8804,113.2222,109.7216,130.8943,117.0752
2021-07-27,108.18,113.3183,113.6438,111.2395,131.5854,117.921
2021-07-28,108.3611,113.4736,112.2728,110.748,130.783,119.231
2021-07-29,108.7418,112.5047,112.7965,110.5898,126.4211,119.0531
2021-07-30,106.686,112.6368,110.2537,107.2273,126.1515,117.4903
2021-08-02,106.1378,112.7405,111.3076,108.0176,126.2908,116.9309
2021-08-03,108.7936,112.774,115.9056,109.3844,129.0307,118.4148
2021-08-04,107.421,112.8373,116.9836,109.6458,128.7512,118.655
2021-08-05,106.9391,111.4742,118.2307,108.4872,130.3285,118.7738
2021-08-06,105.7935,111.0355,117.0194,106.4894,130.3932,118.0382
2021-08-09,108.0423,112.5466,116.7679,108.0003,130.9389,117.5101
2021-08-10,109.3695,113.9343,119.8344,108.6621,133.4723,118.2102
2021-08-11,110.7184,116.3012,121.7375,108.0981,133.9532,119.6774
2021-08-12,112.4867,115.5007,121.6539,109.2581,134.8087,120.3679
2021-08-13,111.2035,114.7371,122.9993,109.0563,135.253,121.0585
2021-08-16,111.4024,115.3927,122.7198,107.463,133.3414,121.1461
2021-08-17,111.1756,114.6347,122.9876,106.0648,133.1669,120.8059
2021-08-18,110.0576,111.8792,124.4328,105.5218,128.6942,119.2194
2021-08-19,110.6577,111.8014,125.9248,104.6989,129.0912,119.2411
2021-08-20,110.4554,111.5364,126.1773,105.7768,128.4408,118.8352
2021-08-23,110.7318,111.4959,127.1438,106.9455,130.5537,118.9842
2021-08-24,107.6511,110.6906,126.3153,104.7869,129.3644,116.386
2021-08-25,108.3939,110.5498,123.256,103.81,127.787,116.5922
2021-08-26,109.2156,112.3967,125.9105,103.0596,126.613,118.1676
2021-08-27,111.4458,112.7071,128.2169,102.5776,124.552,117.3884
2021-08-30,110.9983,112.0568,127.2239,101.5441,125.0495,118.2458
2021-08-31,111.1018,114.3129,126.967,101.2904,126.0634,118.7664
2021-09-01,112.8154,114.0504,130.5285,102.6618,130.3857,118.9056
2021-09-02,112.5812,114.1752,125.6182,102.9459,130.5732,118.849
2021-09-03,110.4644,112.0003,125.0612,102.9183,131.979,117.3658
2021-09-06,109.0911,111.3943,120.0163,100.9455,132.0235,118.0971
2021-09-07,109.5276,113.2956,121.9607,101.8874,132.6752,119.0911
2021-09-08,109.2284,113.0897,120.3632,101.893,132.4336,117.7309
2021-09-09,108.9496,112.1158,115.5979,101.7983,133.8285,119.1813
2021-09-10,111.1684,111.7418,118.6793,104.6183,131.9632,120.0457
2021-09-13,112.1036,112.1636,119.8423,105.3713,134.8193,120.1915
2021-09-14,111.8749,112.1381,120.3454,103.0252,136.5978,120.3861
2021-09-15,112.7336,112.5791,120.4939,103.1139,137.0277,120.7532
2021-09-16,114.4409,113.3843,121.2317,106.7883,136.1719,120.1773
2021-09-17,115.0081,113.3091,117.7023,106.3667,134.7214,120.8453
2021-09-20,114.1658,114.2797,118.8103,105.9122,134.9687,121.5364
2021-09-21,110.9466,113.8772,116.7004,106.2765,133.2097,121.9859
2021-09-22,107.5376,113.9381,116.0522,104.032,132.2064,121.4007
2021-09-23,108.1637,113.9717,112.7279,103.857,135.1207,121.5146
2021-09-24,108.6124,113.6273,113.1046,104.3119,134.8516,122.1718
2021-09-27,107.4077,113.2035,113.5057,103.2751,132.7323,122.261
2021-09-28,106.1374,112.4179,111.0915,102.0954,131.2989,121.2592
2021-09-29,107.1029,114.61,111.6906,103.7083,131.7597,122.2909
2021-09-30,108.6873,115.0924,110.8842,103.6573,131.1363,122.456
2021-10-01,109.9209,113.9285,108.8487,102.7775,128.2306,122.9033
2021-10-04,109.9228,116.0526,107.0325,104.6141,127.7533,123.2541
2021-10-05,108.6134,114.6893,103.6283,103.6326,124.9201,122.0986
2021-10-06,108.6525,115.4589,104.1413,104.244,125.9578,122.4835
2021-10-07,109.2031,114.5372,102.5742,106.713,125.9195,121.6518
2021-10-08,111.1711,114.878,102.194,105.9244,127.2125,121.0131
2021-10-11,110.4712,115.4387,102.5319,105.5588,126.9687,122.1047
2021-10-12,113.6735,115.6437,104.6866,110.1433,129.8189,122.3111
2021-10-13,113.1122,114.8662,102.5628,108.6451,129.4827,121.3327
2021-10-14,114.4223,115.3429,102.4573,110.6409,130.4659,121.9433
2021-10-15,115.9866,116.3813,103.1592,113.0625,131.7636,125.0848
2021-10-18,117.6593,118.1067,106.7406,114.791,135.0142,126.2847
2021-10-19,116.4891,117.209,107.0248,111.8371,134.6528,125.153
2021-10-20,117.604,116.6599,110.7557,113.8013,133.5895,126.7621
2021-10-21,117.3236,115.8026,108.3655,114.0546,135.2718,125.9595
2021-10-22,115.9134,114.2306,110.1472,115.5235,134.6224,125.9239
2021-10-25,115.9643,114.198,112.0466,116.3716,135.4761,125.8648
2021-10-26,117.2179,114.205,112.5838,117.4671,134.1151,125.6713
2021-10-27,116.8127,114.2431,110.3107,115.3151,135.9142,126.5722
2021-10-28,118.1848,116.6139,112.5896,116.6238,137.8791,126.1635
2021-10-29,116.6165,117.1141,112.36,113.9947,138.4382,127.0256
2021-11-01,117.6579,117.3527,111.181,114.6581,139.23,126.8829
2021-11-02,118.6117,117.9589,112.4138,112.567,141.088,128.7436
2021-11-03,118.068,116.1899,112.7783,111.3617,139.029,128.9999
2021-11-04,116.0833,116.5415,109.8522,112.0711,139.3213,128.6945
2021-11-05,116.3574,117.2844,111.879,113.7078,140.8786,128.8454
2021-11-08,117.3909,116.0833,113.7265,115.4931,143.3774,128.3151
2021-11-09,117.7226,117.147,114.9451,115.3851,144.35,128.8927
2021-11-10,119.2655,116.8282,116.0356,116.7222,146.0291,129.0337
2021-11-11,119.5139,116.8292,116.2075,116.8938,145.617,131.5613
2021-11-12,118.3062,115.2595,113.5464,114.6679,144.4322,131.9014
2021-11-15,120.9073,116.1496,109.8818,116.4546,142.7258,131.7007
2021-11-16,119.2253,116.2568,108.2153,116.4792,143.0378,131.3691
2021-11-17,119.4032,117.3513,108.0209,118.0851,143.4992,132.1163
2021-11-18,120.6691,119.1875,110.1659,119.4506,145.7719,131.7821
2021-11-19,123.2454,118.299,112.4011,120.1415,147.1547,131.7535
2021-11-22,123.7766,117.5355,108.096,120.4508,145.5212,130.615
2021-11-23,122.7091,119.5737,107.491,120.651,144.0155,132.5293
2021-11-24,121.9101,116.4606,111.2146,118.4111,145.4623,132.244
2021-11-25,122.9745,116.4667,111.9409,120.8924,145.5705,132.7006
2021-11-26,124.4804,116.9236,111.7856,124.012,146.8183,133.0561
2021-11-29,123.3282,115.5626,112.633,124.6352,143.112,131.7836
2021-11-30,124.8961,118.6699,118.8505,128.2847,147.5814,133.2911
2021-12-01,126.1809,117.5776,117.6497,129.2119,150.9574,133.8535
2021-12-02,126.6772,117.5187,115.1016,130.1859,150.2206,133.9469
2021-12-03,125.3255,117.3758,111.5835,129.7802,151.6123,134.5503
2021-12-06,128.7692,118.5339,114.1403,133.1821,151.7583,137.4641
2021-12-07,130.4452,118.6479,112.9158,135.0252,153.5,137.8579
2021-12-08,130.8136,118.5364,112.9927,137.478,156.1897,136.7171
2021-12-09,131.1051,117.2571,109.9612,138.0213,154.0969,133.0956
2021-12-10,132.2381,118.9798,115.0467,139.0009,158.0748,131.9565
2021-12-13,130.5733,119.2349,115.62,140.3856,159.8193,132.0851
2021-12-14,133.1768,120.6177,120.5918,141.4531,161.9916,132.7444
2021-12-15,134.6,120.694,120.555,140.0251,162.6172,133.844
2021-12-16,136.3855,117.6383,116.4335,143.4712,161.5012,132.5795
2021-12-17,138.4686,118.3132,116.0597,144.4581,165.4338,131.9277
2021-12-20,140.8244,118.4597,116.2661,149.3139,165.2661,133.0399
2021-12-21,140.2485,116.7473,115.0549,150.5808,164.339,132.8349
2021-12-22,140.649,116.9023,114.412,151.0314,160.8303,132.2891
2021-12-23,137.5539,116.604,114.1346,147.5625,161.3198,132.2848
2021-12-24,138.1294,116.3384,115.1561,149.9224,160.611,131.5883
2021-12-27,140.2809,114.2185,109.7199,146.7376,159.4583,130.5952
2021-12-28,141.2284,114.5088,113.1241,150.7113,162.6905,130.2379
2021-12-29,141.9444,113.7188,112.0132,148.9297,162.2346,130.3269
2021-12-30,142.1529,112.4826,108.6124,146.9365,159.8112,130.1931
2021-12-31,141.6497,112.2048,108.0824,148.5023,162.6311,130.6482
2022-01-03,141.2745,113.6776,109.4497,148.0408,165.0092,131.5612
2022-01-04,138.8111,113.9049,109.4709,143.2977,160.4324,131.2151
2022-01-05,140.078,114.8455,107.6244,143.4132,161.7832,130.2348
2022-01-06,140.2954,115.1463,109.5826,139.5757,162.0569,132.1441
2022-01-07,139.2679,114.6164,110.9447,137.7405,163.8308,132.5021
2022-01-10,136.5983,114.2175,107.2744,137.301,159.7693,130.157
2022-01-11,134.7191,112.9845,108.7578,136.1015,159.7752,130.6156
2022-01-12,133.6035,112.1555,106.5221,136.3201,161.9063,130.504
2022-01-13,132.6216,111.4198,103.9176,136.489,159.3078,129.6747
2022-01-14,130.745,109.0508,98.0004,132.634,157.2713,127.8159
2022-01-17,130.4393,107.8934,95.9052,130.2042,156.6069,128.904
2022-01-18,130.2774,106.4709,97.4823,128.4172,157.1915,128.0294
2022-01-19,130.4727,110.1043,97.6856,128.4073,159.0073,129.5169
2022-01-20,129.8687,109.2772,98.239,129.6762,157.3205,128.1738
2022-01-21,132.9609,108.4213,99.9682,132.189,156.2631,128.8221
2022-01-24,131.1881,106.9669,96.5583,131.7709,154.2139,128.8028
2022-01-25,129.9177,107.3705,98.8156,131.2843,152.6334,128.6204
2022-01-26,132.054,108.5812,99.2003,130.0137,154.4171,130.7182
2022-01-27,134.8897,109.6124,100.0223,130.6681,154.3932,129.863
2022-01-28,138.6325,110.3274,105.6006,133.4689,153.6673,132.3842
2022-01-31,137.2042,109.6121,108.0227,135.2272,150.5336,132.0644
2022-02-01,135.3981,109.8531,111.1246,133.7721,153.1446,131.5132
2022-02-02,139.2211,109.7363,111.259,136.4165,151.6522,133.0842
2022-02-03,137.4223,110.0631,108.4395,135.3283,150.9678,132.5358
2022-02-04,138.3378,109.0822,111.2157,136.2993,146.8486,133.9628
2022-02-07,139.1954,110.9094,111.9278,133.5064,146.6083,133.5049
2022-02-08,139.1942,110.4168,112.1402,130.5556,146.2844,132.7725
2022-02-09,140.3764,108.8764,110.9746,133.4297,144.3292,132.8437
2022-02-10,142.8173,109.3382,113.8178,136.9381,148.0545,133.3527
2022-02-11,142.6833,110.1831,112.6949,137.0093,147.0236,131.4489
2022-02-14,143.3549,112.1493,113.0235,138.0047,147.0927,131.6224
2022-02-15,143.6693,113.3936,118.1737,140.4784,146.9305,131.178
2022-02-16,146.1239,114.2248,117.9936,140.1826,146.1327,132.6425
2022-02-17,146.1524,112.7239,119.1567,140.5361,145.4969,132.6769
2022-02-18,144.7051,113.5239,116.1892,138.0337,142.7468,132.1063
2022-02-21,143.399,112.9045,115.5793,138.0569,142.6005,132.0114
2022-02-22,146.3967,113.1979,113.6154,141.1891,145.9867,132.6793
2022-02-23,148.0238,112.807,114.2701,143.2008,147.0022,132.3061
2022-02-24,151.1683,113.5879,117.3665,146.2261,149.7601,134.0512
2022-02-25,150.8289,114.4623,122.2292,150.4816,152.3347,136.5097
2022-02-28,148.4345,115.6715,122.2878,146.147,152.2253,137.6066
2022-03-01,147.2086,117.6343,125.79,144.0173,154.5478,138.6431
2022-03-02,146.2586,117.1172,124.3151,141.0794,153.0492,138.7772
2022-03-03,148.9808,119.3206,124.8821,142.9202,152.8459,140.8168
2022-03-04,145.9887,117.2173,121.7119,140.9058,150.7752,139.538
2022-03-07,146.1457,117.5334,119.7262,140.2538,151.5063,139.8575
2022-03-08,148.2433,117.1154,122.0773,144.1658,152.187,140.3926
2022-03-09,148.7353,117.8364,123.3987,147.401,153.8362,141.8419
2022-03-10,149.429,116.8148,124.0922,147.2282,152.6933,140.5841
2022-03-11,149.3676,116.1454,128.2951,150.4508,152.9751,141.3751
2022-03-14,151.633,116.3945,133.3596,154.1279,154.1965,140.326
2022-03-15,149.8702,116.4469,131.8504,152.9081,152.3971,140.2709
2022-03-16,149.0783,114.5976,129.9401,150.7278,148.8404,140.4773
2022-03-17,149.0064,114.2468,131.4861,150.6255,150.1876,139.0944
2022-03-18,147.143,114.5229,134.5476,150.0004,150.7248,138.4974
2022-03-21,147.1576,113.7695,133.8132,151.0948,147.3389,138.1997
2022-03-22,145.7429,112.8242,135.5871,150.7772,148.6161,136.28
2022-03-23,145.0606,112.2283,133.6893,150.8451,149.6193,134.9842
2022-03-24,143.3802,110.597,135.0222,148.6459,148.7635,133.9062
2022-03-25,141.7174,110.7056,135.4637,149.4567,148.3784,133.6314
2022-03-28,140.7428,112.1367,138.3387,149.4453,150.0598,133.8386
2022-03-29,144.5021,112.2299,138.752,151.0987,153.6091,134.5002
2022-03-30,146.5597,112.5138,136.6684,153.642,152.9363,133.4637
2022-03-31,145.8629,113.0916,141.0663,151.2293,149.7057,134.4068
2022-04-01,146.4851,112.6171,142.0788,152.9619,153.1066,134.4692
2022-04-04,148.9371,112.5983,141.638,155.1865,151.7568,133.368
2022-04-05,150.8272,110.8492,141.601,155.2484,150.9155,131.5444
2022-04-06,147.0777,109.5046,136.8299,151.3915,149.3113,129.7773
2022-04-07,145.1728,109.4884,134.4184,148.2434,148.0119,129.6464
2022-04-08,149.1524,111.9458,134.0108,148.6777,149.293,131.3258
2022-04-11,148.9761,114.2981,138.0084,152.6191,150.1267,131.7609
2022-04-12,147.0507,113.8391,134.1766,149.7941,148.3575,131.9801
2022-04-13,146.2469,112.1832,132.0564,149.0511,148.4083,130.3969
2022-04-14,147.5148,113.9468,134.5199,150.9295,148.8245,130.7676
2022-04-15,143.8584,113.9483,132.5523,148.8468,148.7596,129.745
2022-04-18,145.7829,114.4587,136.9929,150.9023,150.4195,130.1541
2022-04-19,148.5908,112.7035,135.7288,151.4338,147.7426,128.7461
2022-04-20,144.6484,112.2052,130.9667,149.1688,145.9453,127.2716
2022-04-21,141.9119,110.9824,130.2165,146.9479,146.0477,125.9295
2022-04-22,144.8815,111.3019,129.4046,151.1159,149.0107,126.3996
2022-04-25,144.0688,112.1501,127.5816,152.3813,146.8333,126.433
2022-04-26,144.1587,113.4992,124.2405,152.8208,146.6516,126.7787
2022-04-27,142.6298,111.8224,122.0124,150.7719,147.902,126.1188
2022-04-28,142.6901,112.6088,119.0075,151.9893,149.3363,127.182
2022-04-29,142.1604,111.2013,116.203,151.4392,149.3347,127.6102
2022-05-02,144.9806,112.6883,117.7591,154.2268,150.229,129.4434
2022-05-03,146.1398,113.1602,115.7392,156.806,148.0211,130.6191
2022-05-04,148.0344,111.8131,115.5757,155.2158,147.5057,130.6133
2022-05-05,147.8502,110.3447,115.412,155.2139,147.0418,129.1034
2022-05-06,147.2702,110.5468,115.0514,158.9603,147.7621,129.1341
2022-05-09,148.2389,109.5714,115.7408,162.6089,146.6554,129.1727
2022-05-10,149.7498,108.0853,118.85,161.4821,146.2372,129.1138
2022-05-11,149.3828,108.8798,119.4607,162.692,146.7468,130.8173
2022-05-12,145.7066,108.631,117.7141,158.214,144.3415,129.6646
2022-05-13,146.8422,107.9206,117.3785,159.2316,142.5557,130.3417
2022-05-16,151.4634,108.0446,120.6523,161.9346,144.6521,130.8306
2022-05-17,155.8115,108.4631,123.7754,166.3504,144.3767,129.543
2022-05-18,157.0272,109.5726,123.5081,166.0691,146.3182,130.8833
2022-05-19,159.0053,110.2001,122.6633,164.8382,143.3816,130.8869
2022-05-20,162.9744,111.386,124.135,164.591,143.2704,131.5632
2022-05-23,162.5962,112.322,124.1589,166.0459,143.45,131.7963
2022-05-24,165.2748,111.9725,124.0971,164.8623,143.7031,132.7219
2022-05-25,166.7792,113.0327,127.3461,167.7103,146.0112,133.9619
2022-05-26,164.8207,113.3061,129.1037,165.0517,146.2557,134.9975
2022-05-27,164.1251,111.7839,128.3214,167.4157,144.4746,134.2267
2022-05-30,162.6569,111.1801,128.1705,169.4355,143.2189,133.2732
2022-05-31,160.9553,109.7608,123.6432,165.7015,141.6453,132.2602
2022-06-01,163.4283,109.3174,122.4135,165.3279,141.9246,132.0027
2022-06-02,165.115,108.7796,124.5869,168.3881,142.1093,131.5311
2022-06-03,165.5712,108.0472,128.7844,169.2865,143.8027,130.4806
2022-06-06,162.0362,108.2224,129.0989,165.737,142.3543,129.6148
2022-06-07,162.5794,109.2967,126.352,166.995,141.1515,129.4162
2022-06-08,162.3284,107.856,132.0051,172.229,143.0391,129.9981
2022-06-09,160.2843,110.0358,132.6338,171.4249,145.3201,131.1353
2022-06-10,158.7993,109.5805,131.1232,170.3375,145.6558,131.3048
2022-06-13,161.5009,110.0418,134.3918,176.2062,145.0516,132.5378
2022-06-14,159.4096,108.1408,136.5462,177.0788,145.4765,131.4497
2022-06-15,162.5355,107.2478,137.1587,179.9482,147.9496,130.1504
2022-06-16,156.4549,106.4092,135.6761,176.0057,145.1698,129.1865
2022-06-17,153.5215,106.3766,136.9208,172.6898,141.6095,128.6657
2022-06-20,153.211,106.263,139.9471,173.1207,145.1831,129.3244
2022-06-21,151.1987,107.1077,139.587,170.9886,145.4277,129.6062
2022-06-22,148.3292,105.7694,140.7494,169.2435,145.7299,129.8875
2022-06-23,151.7896,105.7252,140.1346,169.4726,145.1478,129.1653
2022-06-24,151.8332,105.6428,141.5595,167.1749,144.0882,129.3777
2022-06-27,153.2485,103.5659,139.343,166.6924,140.2599,128.6701
2022-06-28,155.6652,102.051,135.4615,169.2706,141.6408,127.0766
2022-06-29,153.8135,102.4253,134.562,167.0446,143.7366,127.4394
2022-06-30,150.3994,102.143,130.1347,165.8107,144.1883,127.3685
2022-07-01,152.2403,104.4148,133.6474,167.3035,143.9105,128.7301
2022-07-04,150.3395,102.69,131.0667,161.7127,140.4407,127.8962
2022-07-05,149.5132,102.272,130.5476,157.1937,140.0754,127.5012
2022-07-06,149.4992,102.6271,125.8876,160.4763,139.4709,126.2658
2022-07-07,149.7807,101.4457,125.5061,161.343,137.2467,126.4156
2022-07-08,150.0998,101.8583,126.7344,162.8406,139.3737,127.5922
2022-07-11,151.0953,101.2925,127.3773,162.259,137.2023,127.2473
2022-07-12,149.4388,102.1531,127.2935,161.5683,138.368,127.2135
2022-07-13,149.0274,103.255,124.72,159.5982,137.9683,128.1116
2022-07-14,149.5683,102.2207,122.3633,162.7143,138.2201,127.2047
2022-07-15,148.7294,105.841,126.9477,160.5274,138.8118,129.4079
2022-07-18,148.2846,106.9502,131.4144,161.1105,140.1027,129.9857
2022-07-19,150.0145,108.8271,135.1584,160.9785,142.4009,130.5881
2022-07-20,153.4286,109.9397,139.4015,163.8186,143.7925,131.9265
2022-07-21,153.4422,111.6453,137.5756,165.4719,143.2935,133.3058
2022-07-22,150.0785,112.4563,136.2328,160.9798,143.7095,133.1117
2022-07-25,150.6751,113.9221,134.6071,160.0823,144.0378,134.131
2022-07-26,149.4165,112.851,135.5117,161.0916,146.028,133.6192
2022-07-27,144.7026,112.5726,135.6912,155.2792,145.0411,133.296
2022-07-28,145.3937,112.2206,135.9515,156.8053,142.4569,133.9283
2022-07-29,144.794,112.9581,134.4962,153.1945,143.9301,135.6008
2022-08-01,141.5068,110.9714,132.6508,148.576,143.559,133.6802
2022-08-02,140.654,111.0574,127.474,146.9391,145.8704,134.0659
2022-08-03,138.9608,111.8758,132.0588,148.9417,145.7351,133.9852
2022-08-04,138.3796,110.6629,131.335,146.3911,143.651,133.5267
2022-08-05,137.4658,110.2914,135.8897,146.8972,145.9152,134.1245
2022-08-08,138.5801,109.102,134.3584,146.658,144.8494,133.3926
2022-08-09,138.9257,108.9548,136.0529,146.5651,146.7791,133.5474
2022-08-10,137.9544,107.4912,133.1434,144.8665,147.6694,131.6502
2022-08-11,139.8407,107.7678,132.0016,143.5952,148.6241,130.1114
2022-08-12,139.0962,107.1956,131.1,143.9562,147.3313,129.863
2022-08-15,137.0435,106.8936,131.6864,142.1099,147.4747,129.7155
2022-08-16,136.5154,106.7527,131.0074,138.2882,144.5348,129.661
2022-08-17,133.0337,107.3017,126.9708,136.026,144.2659,128.8587
2022-08-18,135.0609,106.3021,129.1801,137.462,144.4624,129.6445
2022-08-19,136.0464,105.2819,132.221,139.8292,145.1048,129.7064
2022-08-22,138.4221,107.4398,135.66,140.076,146.6617,131.6636
2022-08-23,137.0396,105.9662,134.419,138.9984,146.4329,132.0221
2022-08-24,133.3864,105.4026,132.4033,136.5617,145.5858,132.3088
2022-08-25,134.393,105.5669,133.0668,137.4387,145.7498,133.71
2022-08-26,131.2564,103.5851,134.6474,136.245,145.8491,133.842
2022-08-29,128.0217,104.4213,131.2625,132.5638,146.5066,132.707
2022-08-30,128.9423,106.0668,131.0015,132.4987,148.1619,134.3357
2022-08-31,129.5603,104.6064,134.1916,133.8648,144.648,132.9398
2022-09-01,127.9024,103.5265,133.6162,131.4162,145.7279,133.3733
2022-09-02,128.0831,102.5379,133.1473,131.9138,147.3342,132.6682
2022-09-05,128.2729,101.6155,131.648,133.5805,149.6831,132.1461
2022-09-06,127.9076,100.8254,127.6248,133.3917,149.6551,132.1569
2022-09-07,128.0107,101.3788,128.3553,135.7294,150.8269,133.9257
2022-09-08,129.8137,102.091,126.601,137.6929,151.8396,136.1595
2022-09-09,131.0959,101.2445,124.8473,139.7315,151.4602,134.7371
2022-09-12,131.9718,101.9085,125.2491,141.9795,151.9332,136.9432
2022-09-13,130.2215,102.4928,127.1921,143.48,152.0991,136.8887
2022-09-14,133.1723,103.6083,127.4894,147.1588,155.9611,138.5604
2022-09-15,132.0226,104.3912,124.1485,147.6654,157.3246,138.5685
2022-09-16,132.5475,104.6619,123.3139,146.4227,156.7838,138.005
2022-09-19,135.1641,103.8127,127.7013,147.9284,156.3652,137.5319
2022-09-20,133.4666,101.5151,127.7541,146.0008,153.8358,135.0382
2022-09-21,132.5866,100.161,129.6638,141.9499,151.5476,133.4081
2022-09-22,133.4463,100.5809,129.88,142.3092,152.5421,132.9994
2022-09-23,134.3259,99.4856,130.815,141.777,154.2829,131.616
2022-09-26,133.6242,98.5984,132.257,138.8398,155.2688,131.6417
2022-09-27,134.6446,98.146,133.4714,142.5003,154.6872,131.8982
2022-09-28,134.2629,97.0657,130.8178,142.6336,153.9097,129.082
2022-09-29,135.2307,96.9553,133.2273,142.3153,158.2113,128.6048
2022-09-30,136.6075,96.21,133.7273,140.9915,160.261,128.4349
2022-10-03,139.2709,96.585,131.0837,140.9183,159.7484,129.7956
2022-10-04,144.2121,97.3084,133.8701,146.4939,159.7007,130.3921
2022-10-05,145.5031,97.8672,134.4393,145.6951,160.2515,131.361
2022-10-06,144.2607,97.7548,138.9984,146.28,161.7579,130.6462
2022-10-07,143.3312,97.3245,136.4234,143.2139,158.1321,129.8062
2022-10-10,144.912,98.1803,139.1246,146.2583,157.8489,129.8539
2022-10-11,144.5513,97.303,139.0958,144.6268,159.2675,128.7231
2022-10-12,145.6488,99.085,137.6172,144.6006,158.5152,128.4821
2022-10-13,146.1976,99.6718,136.4062,144.0352,159.0052,128.9871
2022-10-14,144.2334,101.5914,136.3566,143.5716,158.2521,129.3973
2022-10-17,142.6674,102.9441,132.2871,142.2797,158.9656,128.2852
2022-10-18,143.5668,104.4329,134.1181,143.3585,159.88,128.8462
2022-10-19,144.689,103.783,134.9098,143.3237,158.944,127.6163
2022-10-20,145.9933,103.4377,137.7349,144.2185,159.4864,126.7772
2022-10-21,144.234,103.7009,137.0993,143.3296,160.3092,127.2497
2022-10-24,143.6572,106.5453,146.3759,145.4036,160.0186,127.989
2022-10-25,144.7829,106.1753,146.3646,142.4176,160.5026,128.8809
2022-10-26,142.6525,105.4697,144.3074,136.6046,158.2898,127.589
2022-10-27,140.2366,104.1787,143.3362,135.4577,157.8971,126.3852
2022-10-28,138.8528,104.0964,141.8374,136.2682,159.6234,125.9607
2022-10-31,136.0892,103.7981,139.0601,135.7538,159.9747,124.7153
2022-11-01,137.964,105.5632,141.7227,138.5339,160.5692,124.9912
2022-11-02,140.2294,106.243,142.7134,139.9747,162.7339,125.3861
2022-11-03,139.4179,105.805,141.7905,138.4895,162.3744,124.6608
2022-11-04,138.6871,107.7301,142.6822,141.5613,161.5972,126.1068
2022-11-07,138.773,109.5333,142.596,145.2064,161.5536,126.9201
2022-11-08,136.8315,109.1482,141.1955,141.8605,157.4552,127.0579
2022-11-09,137.7533,108.6156,140.9829,140.9988,157.0919,127.0657
2022-11-10,138.4334,108.2423,140.5176,142.1703,156.0533,126.4497
2022-11-11,138.6423,108.8187,139.8926,143.7778,156.2573,126.1452
2022-11-14,138.8734,107.3688,134.7744,143.6549,152.2778,124.4943
2022-11-15,140.6987,108.0706,133.7793,144.7787,150.3846,123.7614
2022-11-16,140.4684,108.6609,133.961,144.6581,149.4977,123.9865
2022-11-17,141.9519,110.1185,136.0636,146.3263,151.1281,125.2791
2022-11-18,141.16,109.6023,133.9778,144.3976,153.5529,125.7223
2022-11-21,140.0142,109.4536,134.2654,143.5639,151.7361,126.7444
2022-11-22,137.9991,110.009,134.0345,141.0649,151.0911,125.1301
2022-11-23,138.5439,110.9084,133.4658,142.059,147.426,124.824
2022-11-24,136.294,111.482,133.4834,140.7871,146.8809,124.6467
2022-11-25,137.7143,110.6672,135.762,142.9009,149.0146,124.4356
2022-11-28,139.67,112.1375,138.316,146.6855,149.6758,125.2744
2022-11-29,142.1293,114.8359,136.6122,150.3523,148.8712,126.5338
2022-11-30,141.1476,114.8941,135.625,150.3985,149.7232,126.2288
2022-12-01,142.4094,114.8438,137.6834,153.5933,150.7271,126.7354
2022-12-02,139.2777,113.4097,134.4321,150.6799,147.0344,124.5242
2022-12-05,139.2087,113.6449,136.8988,153.6526,148.5405,124.5937
2022-12-06,140.4941,113.0466,137.5585,157.838,151.4479,124.5335
2022-12-07,142.29,112.9913,136.6747,155.7619,152.2639,124.804
2022-12-08,144.1345,114.2448,137.2413,158.9794,156.4089,127.6944
2022-12-09,145.6134,114.8652,139.0167,160.4371,156.1856,129.4852
2022-12-12,147.089,115.3279,143.4631,163.6658,155.2524,131.0644
2022-12-13,146.4019,113.7701,143.1389,162.1741,153.3348,131.7138
2022-12-14,146.5819,113.7683,142.5915,161.4486,153.5616,131.4069
2022-12-15,152.7588,113.7638,144.9618,164.6234,153.7551,131.3039
2022-12-16,152.8848,114.8318,148.697,166.8163,154.0129,133.6915
2022-12-19,156.4221,117.4605,150.1314,171.1796,156.9486,135.7474
2022-12-20,157.622,118.3217,150.2305,174.7562,160.064,137.0314
2022-12-21,157.807,118.8405,153.9347,175.1533,161.941,136.8295
2022-12-22,158.6383,117.5636,150.4888,179.5249,161.9432,137.4378
2022-12-23,153.4505,116.3854,147.6872,174.2984,160.4254,135.5958
2022-12-26,155.972,117.6067,146.2535,177.1616,161.7523,137.7859
2022-12-27,158.136,116.7567,144.5317,180.3314,159.5824,138.0314
2022-12-28,156.8649,117.1249,145.7173,180.58,158.431,138.1407
2022-12-29,159.371,117.3854,147.8369,186.3095,162.9191,140.3895
2022-12-30,159.7339,117.5882,147.6295,185.4168,162.6536,139.0905
2023-01-02,160.9781,117.508,150.9726,189.0598,166.0141,138.8445
2023-01-03,160.5955,116.6416,146.3328,186.4416,163.5351,139.1541
2023-01-04,155.2218,116.2841,143.8088,181.4108,161.4973,138.837
2023-01-05,155.1041,118.975,145.7266,181.2663,161.5561,139.7285
2023-01-06,158.319,120.2113,151.0515,181.5444,162.1271,140.6814
2023-01-09,157.9948,120.9902,154.2091,181.0917,157.6656,139.915
2023-01-10,155.6972,121.2661,159.2106,180.9743,161.1727,140.6667
2023-01-11,157.9909,122.0957,162.6579,181.0254,161.5461,142.7082
2023-01-12,159.9285,120.8914,165.7694,185.0957,161.6931,142.946
2023-01-13,158.8516,121.0772,165.9752,183.5848,161.4551,142.391
2023-01-16,160.3128,120.6175,167.2904,185.2099,160.4382,141.945
2023-01-17,161.0219,122.375,166.741,185.8277,160.6953,140.9555
2023-01-18,160.7987,123.2456,169.5068,185.12,162.0923,141.2023
2023-01-19,161.6016,124.5324,168.6166,187.012,159.7665,142.5381
2023-01-20,158.5603,123.9137,166.6221,186.585,162.1352,142.0628
2023-01-23,158.653,122.6996,167.6273,188.737,164.2198,140.9072
2023-01-24,156.9914,123.4828,170.2869,183.4136,162.6145,138.8612
2023-01-25,156.6883,123.6175,171.3264,184.3843,163.9969,138.9621
2023-01-26,153.8052,123.3446,172.349,179.3191,161.5266,139.6086
2023-01-27,157.0714,123.4389,169.7634,179.926,160.3273,139.2119
2023-01-30,158.7837,121.5177,163.3155,184.2278,158.3646,139.498
2023-01-31,155.2087,121.8806,158.2932,179.2003,154.716,139.4043
2023-02-01,153.259,120.3737,158.6444,181.0151,155.025,139.1152
2023-02-02,154.8459,122.6458,159.8323,180.6497,159.0788,141.6819
2023-02-03,152.568,123.1933,160.4897,179.1851,156.9324,140.2672
2023-02-06,151.5913,122.942,164.6905,175.8521,158.6577,140.5081
2023-02-07,153.2306,125.7044,165.6346,178.0575,157.0222,140.9466
2023-02-08,156.3498,128.8216,169.0932,181.1754,159.6484,142.8956
2023-02-09,160.9271,128.4874,165.6567,182.0718,157.4952,142.8611
2023-02-10,161.1181,126.7162,164.6634,180.9822,157.3065,141.5423
2023-02-13,160.3835,126.2517,168.04,178.236,156.2428,141.387
2023-02-14,160.3131,127.6743,167.9617,179.314,156.7598,141.1371
2023-02-15,159.7695,127.5595,165.3913,184.487,157.2557,142.1939
2023-02-16,163.2357,130.7383,163.1916,185.8923,155.9848,142.8676
2023-02-17,162.5815,128.8018,165.1267,188.1142,154.6538,142.8942
2023-02-20,164.4186,129.9987,162.5428,195.1597,159.0459,143.331
2023-02-21,163.5398,128.2056,163.044,194.1288,159.3161,142.2666
2023-02-22,161.036,126.5814,159.5718,191.9368,157.6887,142.0341
2023-02-23,162.4952,128.0246,161.7229,198.0636,162.7223,142.737
2023-02-24,160.4207,128.5998,163.0143,198.8844,161.9769,141.8898
2023-02-27,160.1807,130.7431,163.5443,201.0951,161.769,141.8531
2023-02-28,158.6488,127.6729,159.5148,200.8359,160.4409,139.6681
2023-03-01,158.6173,128.0107,162.0606,199.4158,160.6983,140.1857
2023-03-02,160.8131,126.923,161.3913,196.2096,158.9219,140.0006
2023-03-03,164.3919,127.3279,161.7324,196.4262,157.1804,139.3919
2023-03-06,165.7614,125.0605,160.3862,194.9211,154.7569,138.6384
2023-03-07,164.1933,123.5012,157.3996,189.4364,150.7391,136.7412
2023-03-08,161.9184,124.1714,156.808,185.3692,150.1132,137.3558
2023-03-09,163.1762,126.4944,156.3036,189.7432,150.5443,138.4437
2023-03-10,161.4978,124.9516,159.9625,193.0798,151.1298,138.9156
2023-03-13,162.0125,126.988,156.3282,197.5044,148.939,141.0327
2023-03-14,166.5192,126.3204,155.5394,200.3216,150.7829,139.0997
2023-03-15,166.2692,127.1107,158.0669,202.3078,150.646,139.1328
2023-03-16,165.1707,130.0575,156.4473,202.788,150.6039,139.8992
2023-03-17,165.9192,129.4974,156.528,202.0501,151.7312,139.4226
2023-03-20,166.1187,129.5662,161.9203,207.5666,150.794,139.0131
2023-03-21,163.1664,128.5528,160.039,203.0877,150.2376,137.795
2023-03-22,163.0571,126.2264,160.4476,199.8913,148.7012,137.3677
2023-03-23,160.1447,126.9088,160.5001,198.583,146.1721,136.0016
2023-03-24,160.2906,126.552,158.657,197.9816,144.4335,135.5193
2023-03-27,161.3844,125.6573,156.1442,197.8136,143.3199,134.981
2023-03-28,161.5096,123.587,159.3427,197.1062,143.1911,133.2446
2023-03-29,160.9757,123.1012,155.9176,195.5198,140.1384,134.7123
2023-03-30,161.3916,123.7167,157.053,194.0732,140.3859,132.4957
2023-03-31,159.3127,123.9849,155.6709,187.3469,137.3722,132.7781
2023-04-03,155.8056,123.3748,149.1964,186.0144,136.8777,132.9048
2023-04-04,155.142,123.6809,149.6329,182.6699,136.7835,132.2553
2023-04-05,152.7883,121.8741,150.7899,182.5487,135.6773,129.663
2023-04-06,153.9602,123.4753,153.7337,183.533,134.4437,130.2284
2023-04-07,152.2739,122.2237,152.2533,180.4251,133.7201,130.355
2023-04-10,149.4619,121.9975,152.2357,177.7845,130.2554,129.0506
2023-04-11,153.8642,123.7148,151.4755,180.2545,130.5769,129.9629
2023-04-12,154.4974,124.8004,152.5916,179.1202,132.1771,129.7815
2023-04-13,155.6162,127.2255,154.6097,177.0131,133.7435,131.097
2023-04-14,153.6004,127.6028,154.2549,173.4074,133.5577,130.8396
2023-04-17,150.1306,127.1857,148.5997,171.4034,130.3625,130.4564
2023-04-18,150.3907,125.4259,148.9742,173.3733,128.003,128.9543
2023-04-19,148.2726,124.5421,151.3732,171.8156,129.5324,128.4751
2023-04-20,150.5429,124.1633,150.6644,169.4472,130.4485,128.183
2023-04-21,149.5195,122.6319,150.8477,168.9018,128.4801,128.6128
2023-04-24,149.4046,122.3147,155.3458,168.8558,128.5464,128.3403
2023-04-25,153.5731,125.7046,161.4598,172.6339,129.6189,130.4396
2023-04-26,153.708,123.843,163.7478,171.4143,130.2772,129.8234
2023-04-27,153.6402,122.2642,160.3477,169.2638,129.4568,129.3489
2023-04-28,153.1552,121.3028,162.6283,168.932,130.0616,129.458
2023-05-01,151.5401,120.2768,163.9053,171.8769,130.6952,128.6384
2023-05-02,153.9772,118.8698,161.6023,175.5863,130.1281,129.5941
2023-05-03,150.7544,117.5456,160.6114,173.4339,129.663,128.8402
2023-05-04,149.6402,118.4863,158.9171,170.1205,129.2224,126.6838
2023-05-05,151.2871,119.3832,159.8614,170.0765,127.1752,125.4658
2023-05-08,152.6608,119.7787,161.6871,170.9531,128.0647,124.4542
2023-05-09,153.9771,120.4661,165.1584,172.5711,127.3775,125.2683
2023-05-10,151.7775,121.2222,165.7304,170.0194,127.711,126.7704
2023-05-11,149.9772,122.8869,166.3357,171.6652,128.4845,127.7985
2023-05-12,153.4867,123.8177,167.8093,174.7528,130.9645,128.3974
2023-05-15,151.7849,123.2432,168.5429,173.5424,131.2435,127.4945
2023-05-16,154.4823,124.2499,171.3626,175.914,133.063,128.169
2023-05-17,154.2753,125.1838,170.9575,175.8598,131.2404,128.1224
2023-05-18,151.9483,123.6312,167.1959,177.6986,132.0867,127.7939
2023-05-19,152.606,125.2033,162.3701,175.3484,131.8346,127.4081
2023-05-22,150.2018,124.2462,162.739,175.6103,131.3492,127.2434
2023-05-23,151.4414,121.4566,163.4588,171.3529,131.0859,126.7347
2023-05-24,152.6593,121.0314,165.4016,173.4812,132.8516,125.5603
2023-05-25,151.141,121.1522,164.3017,173.8847,133.3534,125.7304
2023-05-26,152.064,121.5602,162.3987,175.5513,132.6008,127.1826
2023-05-29,154.1937,121.1843,163.4396,173.8847,132.8595,128.5152
2023-05-30,154.6307,122.3944,167.8985,175.2345,135.3204,129.1309
2023-05-31,155.1421,120.7389,164.9853,174.075,135.4741,127.5006
2023-06-01,155.5217,118.9887,162.9669,172.1662,137.1453,126.2544
2023-06-02,155.2849,119.9919,161.4451,173.0352,137.1277,125.7661
2023-06-05,153.8528,120.6156,159.6164,173.7022,137.0635,125.14
2023-06-06,153.7808,123.1027,161.2108,172.7841,138.2166,125.7289
2023-06-07,151.1734,123.0591,157.4807,173.3297,139.311,126.1486
2023-06-08,151.2882,122.0785,157.7963,171.5732,140.6287,124.7059
2023-06-09,154.1541,122.5258,157.1814,171.0482,141.8417,125.3772
2023-06-12,155.6704,122.7101,156.2331,172.1809,140.2132,125.2577
2023-06-13,154.1067,123.9526,157.6721,170.8017,139.5933,126.4796
2023-06-14,152.9512,123.5871,158.6482,168.4792,141.2274,126.6127
2023-06-15,156.1008,124.2251,168.1784,172.4467,143.2751,126.3972
2023-06-16,156.6886,122.7153,166.6899,171.5961,144.185,125.6536
2023-06-19,156.211,121.7246,164.8925,169.6985,146.4367,124.6067
2023-06-20,154.0366,120.6138,166.6208,164.2601,147.8421,123.353
2023-06-21,152.1921,118.7606,166.1438,161.2437,147.1162,122.5374
2023-06-22,147.6998,117.8291,164.992,155.6802,143.6398,121.5504
2023-06-23,150.702,120.0624,172.63,157.0197,146.2813,122.4132
2023-06-26,152.0933,120.2438,167.7746,158.5709,142.9437,124.1997
2023-06-27,157.4431,120.5118,169.8369,162.1646,144.7199,125.3131
2023-06-28,154.2703,118.7649,170.0992,160.7786,142.8317,123.34
2023-06-29,155.0529,118.4538,173.1961,163.5896,144.4902,123.8395
2023-06-30,155.6924,119.6043,171.9813,160.9673,145.46,124.421
2023-07-03,156.3527,119.5962,165.5866,166.6113,149.8465,124.2494
2023-07-04,158.0782,120.0373,167.25,168.6534,152.2913,124.167
2023-07-05,159.5853,121.1556,161.1343,172.3454,153.5813,124.0829
2023-07-06,159.7576,121.809,160.7919,173.7111,150.4965,124.3369
2023-07-07,162.0857,123.1426,163.0099,174.057,151.4904,124.0042
2023-07-10,162.4095,123.0187,164.5124,177.3954,153.3683,123.5412
2023-07-11,160.5183,121.6799,160.6273,173.2282,155.391,124.0029
2023-07-12,159.4012,121.5575,167.312,169.4329,156.2667,125.8013
2023-07-13,159.7765,121.0063,170.9107,174.6766,156.7218,126.9815
2023-07-14,157.9321,120.9995,172.1673,172.6796,155.5733,127.3762
2023-07-17,159.7589,120.1389,170.522,174.3384,152.9935,126.1257
2023-07-18,160.4927,121.2291,172.3143,175.1004,156.4552,126.9865
2023-07-19,159.5047,118.6855,171.983,172.8248,154.8626,125.8396
2023-07-20,157.8575,118.9528,171.1429,177.5031,153.9975,126.1741
2023-07-21,156.7281,119.6072,168.5081,176.8586,153.8665,126.599
2023-07-24,153.1339,119.626,167.4978,176.9967,152.0608,126.2191
2023-07-25,151.3643,118.3514,167.9209,176.6954,151.3244,125.808
2023-07-26,152.0328,119.3789,170.5735,181.6546,152.3381,127.7799
2023-07-27,151.4912,119.9446,171.5518,183.2678,152.7293,129.6096
2023-07-28,147.7295,120.2363,172.3691,182.5333,155.3057,130.8953
2023-07-31,145.2068,121.0659,170.5576,181.2774,155.694,130.2444
2023-08-01,142.7892,120.7827,169.8544,178.1296,153.4596,129.7963
2023-08-02,142.3176,120.6438,175.1907,179.5783,156.2808,129.5806
2023-08-03,145.2933,121.2427,177.2693,182.2343,157.9154,128.8056
2023-08-04,145.3651,122.0772,182.3675,184.0406,157.6764,128.0916
2023-08-07,146.0435,120.1311,180.991,185.0841,157.4094,127.2214
2023-08-08,142.6652,119.428,182.4611,182.0196,155.9746,127.0679
2023-08-09,144.0037,120.7465,181.1641,182.1451,156.9288,128.471
2023-08-10,146.6484,120.5949,185.1198,187.4437,158.5749,128.7309
2023-08-11,144.9305,121.5326,184.9918,189.8175,161.9246,128.0661
2023-08-14,144.1473,121.2779,181.1511,186.889,163.8271,127.3173
2023-08-15,144.6943,119.2132,177.9831,184.5876,161.4133,126.2447
2023-08-16,144.5164,117.518,175.314,185.5273,158.8669,127.2694
2023-08-17,147.0037,117.4948,169.876,181.8845,157.0672,126.3565
2023-08-18,145.3258,119.187,173.2174,183.5616,156.6099,127.7356
2023-08-21,145.3924,119.353,174.8062,190.3916,154.9811,127.807
2023-08-22,142.1905,119.4358,174.2091,193.0527,155.7408,126.5198
2023-08-23,140.0411,121.0844,167.4382,193.4751,153.7433,126.4365
2023-08-24,140.1693,119.7369,164.4367,192.6581,155.9619,126.5728
2023-08-25,138.8418,119.4666,161.4782,191.5823,153.6047,125.8642
2023-08-28,142.0503,118.706,164.5912,193.58,155.4972,125.9222
2023-08-29,142.0458,118.7663,168.7656,196.6096,156.5637,127.4903
2023-08-30,144.2644,120.5222,174.5096,196.3111,160.8674,127.6035
2023-08-31,144.1268,121.3369,168.6989,195.9933,162.3369,127.9572
2023-09-01,145.6577,121.0637,164.6575,196.9155,160.0538,127.4436
2023-09-04,144.1485,121.0486,161.7275,194.3718,163.3433,127.385
2023-09-05,143.8698,122.4912,163.9038,198.2457,165.0323,128.4816
2023-09-06,143.5356,124.148,165.7231,198.7262,169.5226,127.5304
2023-09-07,142.475,124.9743,163.4481,196.1795,170.2846,127.7119
2023-09-08,143.8313,124.537,163.7816,195.9543,168.5773,126.695
2023-09-11,145.2826,122.1157,162.066,193.6128,168.3,125.5739
2023-09-12,146.5209,122.8922,157.9127,195.5494,167.6949,125.7699
2023-09-13,146.0628,123.4027,164.4866,195.8535,172.7459,125.9069
2023-09-14,145.5243,124.7984,165.5742,197.6915,174.0717,127.9459
2023-09-15,143.1143,123.1546,164.8817,202.0672,172.4275,127.7976
2023-09-18,146.5941,125.0758,174.2991,202.5352,172.5158,127.1873
2023-09-19,145.7053,125.2452,171.5119,202.3208,172.6961,126.5087
2023-09-20,146.6971,124.7161,169.1749,205.4436,176.3368,127.39
2023-09-21,145.7875,125.2199,172.0427,206.5473,176.4227,125.3641
2023-09-22,147.1814,125.5584,173.1366,206.3451,172.7785,125.2614
2023-09-25,149.3739,126.9,173.1018,208.633,172.9767,124.1339
2023-09-26,149.7622,128.8279,180.3496,209.7876,175.5759,123.588
2023-09-27,147.5884,128.8994,181.0416,204.2416,173.2656,122.6233
2023-09-28,149.0477,128.9075,181.8262,208.2945,174.9362,122.0587
2023-09-29,149.2451,127.6455,181.5667,211.0958,176.4989,122.4144
2023-10-02,150.2115,129.0525,183.7746,214.5521,177.8813,123.5565
2023-10-03,150.7666,130.4306,188.3891,214.5318,176.8638,123.9339
2023-10-04,154.4849,132.0825,183.4472,219.4688,175.9451,124.5949
2023-10-05,151.6172,128.5829,185.6401,219.0216,177.7969,124.0978
2023-10-06,148.9161,130.6438,176.8822,216.0531,175.5899,123.5776
2023-10-09,144.7547,127.9655,172.3999,214.9875,171.9315,122.6578
2023-10-10,145.8064,129.3744,171.9189,219.469,170.6897,123.7123
2023-10-11,144.5737,128.1821,168.9708,213.5868,167.7093,123.1991
2023-10-12,145.8897,128.3315,172.6631,211.1824,168.0432,124.0065
2023-10-13,147.5168,128.6993,180.5345,214.1383,167.364,124.7373
2023-10-16,144.8223,129.4244,178.8383,210.8287,167.2902,124.6132
2023-10-17,141.2498,125.9327,174.2333,206.8448,166.0792,122.8535
2023-10-18,139.8311,125.7807,170.9914,205.2934,162.667,122.1489
2023-10-19,136.588,127.3551,169.1577,205.2294,161.6245,122.3488
2023-10-20,136.836,126.4539,167.3794,203.9976,162.2582,121.3929
2023-10-23,137.5304,127.4286,166.118,204.9731,163.6326,122.2399
2023-10-24,138.1431,129.5528,164.7901,211.0971,162.8691,122.4329
2023-10-25,139.3217,132.6924,164.3994,209.0624,163.6978,122.9856
2023-10-26,142.9139,134.0382,164.5789,214.7469,166.3075,122.5547
2023-10-27,148.1515,135.9572,167.6427,219.8386,171.8117,124.1404
2023-10-30,148.6565,133.7544,164.8329,214.7915,171.0082,123.7202
2023-10-31,142.7551,132.3193,156.8866,209.7464,169.2625,121.6272
2023-11-01,142.8411,132.7482,157.8117,215.4489,170.6267,120.8941
2023-11-02,143.0232,133.0069,157.8448,215.0485,172.5497,122.7071
2023-11-03,145.8202,132.763,157.0029,219.0136,173.6957,124.6499
2023-11-06,146.9288,131.9732,153.0443,219.7587,176.5656,123.8155
2023-11-07,147.0306,132.2433,151.578,222.6725,179.1681,124.0889
2023-11-08,143.6895,130.9349,149.5987,219.3283,177.7639,123.4428
2023-11-09,142.4664,130.6446,151.0922,216.6235,178.6709,123.8172
2023-11-10,144.337,130.7063,146.906,218.9345,181.9521,125.3243
2023-11-13,146.1554,133.3267,147.9954,224.0715,182.3737,125.9785
2023-11-14,147.078,133.147,145.9278,226.7931,182.8577,127.2155
2023-11-15,144.7146,132.1203,143.3431,223.3611,183.0331,125.6338
2023-11-16,146.7501,131.9548,146.9378,229.8652,188.0701,125.348
2023-11-17,146.1254,132.7963,149.6044,228.7692,190.1803,125.8087
2023-11-20,145.1829,131.8475,152.0902,227.7061,189.277,127.1487
2023-11-21,145.5953,130.4058,151.8209,226.9698,188.1531,126.9179
2023-11-22,141.5661,129.8483,147.4959,224.0205,187.7047,124.0221
2023-11-23,142.5098,130.8857,148.9767,223.3187,190.8926,125.3008
2023-11-24,140.874,130.7161,151.9995,225.4001,193.4743,125.3476
2023-11-27,143.0592,133.202,159.7256,231.2208,197.1084,127.2691
